sn_name,filter_band,A,f,t0,t_rise,t_fall,gamma,A_err,f_err,t0_err,t_rise_err,t_fall_err,gamma_err,A_mc_std,f_mc_std,t0_mc_std,t_rise_mc_std,t_fall_mc_std,gamma_mc_std,rms,mad,median_relative_error_pct,n_points,time_span,sn_type
ZTF22abewvtv,g,1.7440114924442887e-07,0.449377743976315,-66.61738619064138,52.10109651778377,57.26533746614523,33.44818731567196,4.17731888918193e-07,0.2318377351943279,51.26473594672795,28.28826335897761,16.450710725471644,30.00608967236053,4.17731888918193e-07,0.2318377351943279,51.26473594672795,28.28826335897761,16.450710725471644,30.00608967236053,4.4966477787425194e-09,3.23727163630967e-09,10.556072919893618,23,96.86000000000058,SN II
ZTF22abewvtv,r,1.0854483457840742e-07,0.8843190376986226,15.027147107569952,39.092006156600846,114.84446889002847,103.13886098478066,4.6433861470251503e-07,0.19156872501060154,70.28748983179736,13.600778042495243,47.90950636177532,38.30438492261195,4.6433861470251503e-07,0.19156872501060154,70.28748983179736,13.600778042495243,47.90950636177532,38.30438492261195,7.866449926669192e-09,3.12243679018353e-09,8.988224518247002,34,220.71899999999732,SN II
