sn_name,filter_band,A,f,t0,t_rise,t_fall,gamma,A_err,f_err,t0_err,t_rise_err,t_fall_err,gamma_err,A_mc_std,f_mc_std,t0_mc_std,t_rise_mc_std,t_fall_mc_std,gamma_mc_std,rms,mad,median_relative_error_pct,n_points,time_span,sn_type
ZTF20acgnrqu,g,1.342988363415627e-07,0.5960900678699235,3.350518073982143,1.7623643505664557,25.57782775947005,21.87992397440288,1.0218544003672121e-07,0.3416059874490155,15.50572874519793,7.746458442388676,28.07134338167992,12.229678893673224,1.0218544003672121e-07,0.3416059874490155,15.50572874519793,7.746458442388676,28.07134338167992,12.229678893673224,1.047351683628166e-08,7.084474743458193e-09,9.447454143222284,26,35.03299999999581,SN Ia
ZTF20acgnrqu,r,1.0903999317404121e-07,0.0788748786035902,0.282779779002199,1.2410340508511029,32.28326458291188,13.145674967719032,1.379018227386916e-07,0.2734780609865813,12.549935602943815,18.14181402054284,20.170953239423568,9.450372252449174,1.379018227386916e-07,0.2734780609865813,12.549935602943815,18.14181402054284,20.170953239423568,9.450372252449174,7.616162704313109e-09,4.993384793059823e-09,6.122912610190892,27,43.12099999999919,SN Ia
ZTF20acggxac,g,4.26892792254177e-08,0.7489500304874931,1.616696249544776,3.9697440318336787,34.79897172000055,20.511165113171003,3.0333726930950206e-08,0.24206827283403584,14.291153774900156,9.31472732010906,27.91693284208678,15.217701935812833,3.0333726930950206e-08,0.24206827283403584,14.291153774900156,9.31472732010906,27.91693284208678,15.217701935812833,3.102769267837558e-09,1.1719916932902735e-09,6.598896668527971,10,33.8859999999986,SN Ia
ZTF20acggxac,r,3.3350043071994486e-08,0.7880556920831583,0.5263681164622369,3.253662465611309,40.52836368575643,42.75287654283739,2.11062386496117e-08,0.22193587832222053,16.086842373035218,7.692942091248981,27.074869015842506,16.804082584910862,2.11062386496117e-08,0.22193587832222053,16.086842373035218,7.692942091248981,27.074869015842506,16.804082584910862,1.950398103044991e-09,1.0461879413016196e-09,5.766089831387066,16,48.87300000000687,SN Ia
