sn_name,filter_band,A,f,t0,t_rise,t_fall,gamma,A_err,f_err,t0_err,t_rise_err,t_fall_err,gamma_err,A_mc_std,f_mc_std,t0_mc_std,t_rise_mc_std,t_fall_mc_std,gamma_mc_std,rms,mad,median_relative_error_pct,n_points,time_span,sn_type
ZTF20acgnrqu,g,1.3429883634156267e-07,0.5960900678699235,3.350518073982143,1.7623643505664555,25.577827759470054,21.87992397440288,1.0218544003672121e-07,0.34160598744901555,15.50572874519793,7.746458442388676,28.071343381679917,12.229678893673224,1.0218544003672121e-07,0.34160598744901555,15.50572874519793,7.746458442388676,28.071343381679917,12.229678893673224,1.047351683628166e-08,7.084474743458193e-09,9.447454143222284,26,35.03299999999581,SN Ia
ZTF20acgnrqu,r,1.0903999317404119e-07,0.07887487860359027,0.282779779002199,1.2410340508511029,32.28326458291188,13.145674967719032,1.3790182273869159e-07,0.2734780609865813,12.549935602943817,18.141814020542842,20.170953239423568,9.450372252449174,1.3790182273869159e-07,0.2734780609865813,12.549935602943817,18.141814020542842,20.170953239423568,9.450372252449174,7.616162704313109e-09,4.993384793059823e-09,6.122912610190892,27,43.120999999999185,SN Ia
